_id,societyId,name,phone,visitorType,createdByUserId,createdAt,__v,updatedAt,created_month,created_weekday,created_hour
6a60919d62a1662d3b6803bb,6a5b33f154b73fc9cb5effdf,Jaeden Koelpin,375-501-7044 x59411,EMERGENCY,6a5fb2a4f9a6aaf7b13e2f11,2026-05-22 00:54:26.843000+00:00,0,2026-07-22 09:47:09.703000+00:00,5,4,0
6a60919d62a1662d3b6803bc,6a5b33f154b73fc9cb5effdf,Ira Kling,(698) 423-0768 x83487,EMERGENCY,6a5faffaf9a6aaf7b13e2e20,2026-06-26 13:56:04.488000+00:00,0,2026-07-22 09:47:09.703000+00:00,6,4,13
6a60919d62a1662d3b6803bd,6a5b33f154b73fc9cb5effdf,Jerald Senger DVM,439-953-9641,CAB,6a5b5008120eac5c280cb195,2026-07-16 10:27:17.664000+00:00,0,2026-07-22 09:47:09.703000+00:00,7,3,10
6a60919d62a1662d3b6803be,6a5b33f154b73fc9cb5effdf,Moises Rath,833-291-5094 x6651,SERVICE_PROVIDER,6a5b5008120eac5c280cb195,2026-02-06 00:16:53.041000+00:00,0,2026-07-22 09:47:09.703000+00:00,2,4,0
6a60919d62a1662d3b6803bf,6a5b33f154b73fc9cb5effdf,Gerry Will,1-216-243-6707,EMERGENCY,6a5e40d56ed32b9a22aee986,2026-05-25 00:45:02.668000+00:00,0,2026-07-22 09:47:09.703000+00:00,5,0,0
6a60919d62a1662d3b6803c0,6a5b33f154b73fc9cb5effdf,Mr. Shaun Keeling,(248) 589-5001,DELIVERY,6a605fde07be72cd0147a6cc,2026-02-11 23:04:34.478000+00:00,0,2026-07-22 09:47:09.703000+00:00,2,2,23
6a60919d62a1662d3b6803c1,6a5b33f154b73fc9cb5effdf,Kristian Ruecker,224-926-5220 x97764,OTHER,6a605fde07be72cd0147a6cc,2026-04-09 03:26:51.930000+00:00,0,2026-07-22 09:47:09.703000+00:00,4,3,3
6a60919d62a1662d3b6803c2,6a5b33f154b73fc9cb5effdf,Chandler Stanton,572.759.1127 x64139,GUEST,6a5faffaf9a6aaf7b13e2e1f,2026-03-29 23:23:23.896000+00:00,0,2026-07-22 09:47:09.703000+00:00,3,6,23
6a60919d62a1662d3b6803c3,6a5b33f154b73fc9cb5effdf,Lynn Harris V,448.636.7702,OTHER,6a5e40d56ed32b9a22aee986,2026-02-28 19:12:29.932000+00:00,0,2026-07-22 09:47:09.703000+00:00,2,5,19
6a60919d62a1662d3b6803c4,6a5b33f154b73fc9cb5effdf,Kate Hane,(412) 533-9813 x013,OTHER,6a605fde07be72cd0147a6cc,2026-07-01 03:12:25.184000+00:00,0,2026-07-22 09:47:09.703000+00:00,7,2,3
6a60919d62a1662d3b6803c5,6a5b33f154b73fc9cb5effdf,Charlene Streich,961.879.4695 x2978,EMERGENCY,6a5faffaf9a6aaf7b13e2e20,2026-04-28 01:30:55.761000+00:00,0,2026-07-22 09:47:09.703000+00:00,4,1,1
6a60919d62a1662d3b6803c6,6a5b33f154b73fc9cb5effdf,Mallory Douglas,(450) 948-9196 x2323,SERVICE_PROVIDER,6a5faffaf9a6aaf7b13e2e20,2026-04-01 16:54:40.538000+00:00,0,2026-07-22 09:47:09.703000+00:00,4,2,16
6a60919d62a1662d3b6803c7,6a5b33f154b73fc9cb5effdf,Brent Dooley,(212) 880-8375 x2840,MAINTENANCE,6a5e40d56ed32b9a22aee986,2026-07-13 14:07:34.015000+00:00,0,2026-07-22 09:47:09.703000+00:00,7,0,14
6a60919d62a1662d3b6803c8,6a5b33f154b73fc9cb5effdf,Renee Emard V,948-230-5578 x13553,OTHER,6a5b5008120eac5c280cb195,2026-06-01 21:59:27.987000+00:00,0,2026-07-22 09:47:09.703000+00:00,6,0,21
6a60919d62a1662d3b6803c9,6a5b33f154b73fc9cb5effdf,Chandler Beatty,(585) 321-6065 x54448,GUEST,6a605fde07be72cd0147a6cc,2026-06-16 09:46:04.315000+00:00,0,2026-07-22 09:47:09.703000+00:00,6,1,9
6a60919d62a1662d3b6803ca,6a5b33f154b73fc9cb5effdf,Marielle Schmidt,1-227-235-7781,MAINTENANCE,6a605fde07be72cd0147a6cc,2026-02-18 03:58:45.225000+00:00,0,2026-07-22 09:47:09.703000+00:00,2,2,3
6a60919d62a1662d3b6803cb,6a5b33f154b73fc9cb5effdf,Lane Gleichner Sr.,(538) 383-1061 x2137,DELIVERY,6a5faffaf9a6aaf7b13e2e1f,2026-06-06 07:15:16.964000+00:00,0,2026-07-22 09:47:09.703000+00:00,6,5,7
6a60919d62a1662d3b6803cc,6a5b33f154b73fc9cb5effdf,Hazel Hansen DVM,(634) 245-0653,DELIVERY,6a5fb2a4f9a6aaf7b13e2f11,2026-03-26 23:54:26.687000+00:00,0,2026-07-22 09:47:09.703000+00:00,3,3,23
6a60919d62a1662d3b6803cd,6a5b33f154b73fc9cb5effdf,Kevin Boyer,(309) 319-5947 x666,OTHER,6a5faffaf9a6aaf7b13e2e20,2026-03-16 09:11:56.519000+00:00,0,2026-07-22 09:47:09.703000+00:00,3,0,9
6a60919d62a1662d3b6803ce,6a5b33f154b73fc9cb5effdf,Edgardo Watsica,1-901-650-7463,CAB,6a5e40d56ed32b9a22aee986,2026-02-11 14:49:13.190000+00:00,0,2026-07-22 09:47:09.703000+00:00,2,2,14
6a60919d62a1662d3b6803cf,6a5b33f154b73fc9cb5effdf,James Champlin,766.845.9646 x57077,EMERGENCY,6a5faffaf9a6aaf7b13e2e20,2026-07-06 22:42:25.904000+00:00,0,2026-07-22 09:47:09.703000+00:00,7,0,22
6a60919d62a1662d3b6803d0,6a5b33f154b73fc9cb5effdf,Ms. Sonia Powlowski,797-840-5937 x6017,CAB,6a5faffaf9a6aaf7b13e2e20,2026-04-04 18:20:37.310000+00:00,0,2026-07-22 09:47:09.703000+00:00,4,5,18
6a60919d62a1662d3b6803d1,6a5b33f154b73fc9cb5effdf,Mr. Clifford Bednar,820-910-4138,OTHER,6a5fb2a4f9a6aaf7b13e2f11,2026-07-08 22:29:23.105000+00:00,0,2026-07-22 09:47:09.703000+00:00,7,2,22
6a60919d62a1662d3b6803d2,6a5b33f154b73fc9cb5effdf,Monte O'Kon,1-310-267-4713 x05945,OTHER,6a605fde07be72cd0147a6cc,2026-01-27 21:50:58.988000+00:00,0,2026-07-22 09:47:09.703000+00:00,1,1,21
6a60919d62a1662d3b6803d3,6a5b33f154b73fc9cb5effdf,Randall Beer,(723) 991-2985 x283,OTHER,6a5fb2a4f9a6aaf7b13e2f11,2026-03-04 19:46:38.902000+00:00,0,2026-07-22 09:47:09.703000+00:00,3,2,19
6a60919d62a1662d3b6803d4,6a5b33f154b73fc9cb5effdf,Adan Langosh,996-812-9925 x096,DELIVERY,6a5e40d56ed32b9a22aee986,2026-07-22 01:47:48+00:00,0,2026-07-22 09:47:09.703000+00:00,7,2,1
6a60919d62a1662d3b6803d5,6a5b33f154b73fc9cb5effdf,Ms. Gunnar Kirlin,761-849-4927,GUEST,6a5faffaf9a6aaf7b13e2e20,2026-07-06 19:18:05.893000+00:00,0,2026-07-22 09:47:09.703000+00:00,7,0,19
6a60919d62a1662d3b6803d6,6a5b33f154b73fc9cb5effdf,Shelley McKenzie,(592) 779-5312,DELIVERY,6a5fb2a4f9a6aaf7b13e2f11,2026-05-21 11:35:47.887000+00:00,0,2026-07-22 09:47:09.703000+00:00,5,3,11
6a60919d62a1662d3b6803d7,6a5b33f154b73fc9cb5effdf,Mrs. Luna Gorczany,227.460.2911,OTHER,6a5b5008120eac5c280cb195,2026-03-28 15:55:18.386000+00:00,0,2026-07-22 09:47:09.703000+00:00,3,5,15
6a60919d62a1662d3b6803d8,6a5b33f154b73fc9cb5effdf,Rogelio Sanford,(692) 249-0097,CAB,6a5faffaf9a6aaf7b13e2e1f,2026-04-04 13:39:04.893000+00:00,0,2026-07-22 09:47:09.703000+00:00,4,5,13
6a60919d62a1662d3b6803d9,6a5b33f154b73fc9cb5effdf,Darrell Auer,1-717-723-2013 x521,SERVICE_PROVIDER,6a605fde07be72cd0147a6cc,2026-02-03 13:35:31.032000+00:00,0,2026-07-22 09:47:09.703000+00:00,2,1,13
6a60919d62a1662d3b6803da,6a5b33f154b73fc9cb5effdf,Dr. Luke Roob,451-425-8851 x74132,GUEST,6a5b5008120eac5c280cb195,2026-04-02 23:44:55.062000+00:00,0,2026-07-22 09:47:09.703000+00:00,4,3,23
6a60919d62a1662d3b6803db,6a5b33f154b73fc9cb5effdf,Nathaniel Becker,966-445-8853 x44466,DELIVERY,6a605fde07be72cd0147a6cc,2026-06-27 02:15:08.791000+00:00,0,2026-07-22 09:47:09.703000+00:00,6,5,2
6a60919d62a1662d3b6803dc,6a5b33f154b73fc9cb5effdf,Zane Walker,501-578-8984,DELIVERY,6a5faffaf9a6aaf7b13e2e1f,2026-04-16 19:50:06.641000+00:00,0,2026-07-22 09:47:09.703000+00:00,4,3,19
6a60919d62a1662d3b6803dd,6a5b33f154b73fc9cb5effdf,Erin Wyman,(637) 923-2497,SERVICE_PROVIDER,6a5fb2a4f9a6aaf7b13e2f11,2026-06-16 11:04:09.748000+00:00,0,2026-07-22 09:47:09.703000+00:00,6,1,11
6a60919d62a1662d3b6803de,6a5b33f154b73fc9cb5effdf,Ernestina Rippin-Schowalter PhD,617.492.9905 x3432,EMERGENCY,6a5faffaf9a6aaf7b13e2e20,2026-03-24 07:27:36.780000+00:00,0,2026-07-22 09:47:09.703000+00:00,3,1,7
6a60919d62a1662d3b6803df,6a5b33f154b73fc9cb5effdf,Frederique Hartmann,563.356.9581 x085,EMERGENCY,6a5faffaf9a6aaf7b13e2e1f,2026-05-20 20:17:31.094000+00:00,0,2026-07-22 09:47:09.703000+00:00,5,2,20
6a60919d62a1662d3b6803e0,6a5b33f154b73fc9cb5effdf,Victoria Christiansen MD,516.661.5189,CAB,6a5faffaf9a6aaf7b13e2e20,2026-01-24 00:06:08.618000+00:00,0,2026-07-22 09:47:09.703000+00:00,1,5,0
6a60919d62a1662d3b6803e1,6a5b33f154b73fc9cb5effdf,Tyrese Harber,(356) 720-7718 x277,OTHER,6a5e40d56ed32b9a22aee986,2026-06-15 19:42:34.472000+00:00,0,2026-07-22 09:47:09.703000+00:00,6,0,19
6a60919d62a1662d3b6803e2,6a5b33f154b73fc9cb5effdf,Oral Haag,453.393.7870 x666,SERVICE_PROVIDER,6a5b5008120eac5c280cb195,2026-06-05 19:14:09.990000+00:00,0,2026-07-22 09:47:09.703000+00:00,6,4,19
6a60919d62a1662d3b6803e3,6a5b33f154b73fc9cb5effdf,Mr. Lester Rolfson,507.722.3209 x2487,CAB,6a605fde07be72cd0147a6cc,2026-03-11 10:38:23.261000+00:00,0,2026-07-22 09:47:09.703000+00:00,3,2,10
6a60919d62a1662d3b6803e4,6a5b33f154b73fc9cb5effdf,Marshall Gusikowski III,1-463-721-2634,GUEST,6a5b5008120eac5c280cb195,2026-06-04 15:06:46.253000+00:00,0,2026-07-22 09:47:09.703000+00:00,6,3,15
6a60919d62a1662d3b6803e5,6a5b33f154b73fc9cb5effdf,Jerome Torp,996.315.5848 x7204,DELIVERY,6a5b5008120eac5c280cb195,2026-05-03 10:30:33.343000+00:00,0,2026-07-22 09:47:09.703000+00:00,5,6,10
6a60919d62a1662d3b6803e6,6a5b33f154b73fc9cb5effdf,Cynthia Tromp,248-256-0869 x5722,OTHER,6a5faffaf9a6aaf7b13e2e20,2026-04-30 12:50:32.925000+00:00,0,2026-07-22 09:47:09.703000+00:00,4,3,12
6a60919d62a1662d3b6803e7,6a5b33f154b73fc9cb5effdf,Daisy Hessel,(893) 728-0445 x205,OTHER,6a5fb2a4f9a6aaf7b13e2f11,2026-07-15 00:45:30.932000+00:00,0,2026-07-22 09:47:09.703000+00:00,7,2,0
6a60919d62a1662d3b6803e8,6a5b33f154b73fc9cb5effdf,Clyde Blanda I,(520) 899-8900 x58203,SERVICE_PROVIDER,6a5b5008120eac5c280cb195,2026-02-19 00:06:28.273000+00:00,0,2026-07-22 09:47:09.703000+00:00,2,3,0
6a60919d62a1662d3b6803e9,6a5b33f154b73fc9cb5effdf,Kamille Kunze,(426) 870-3600 x369,MAINTENANCE,6a5faffaf9a6aaf7b13e2e1f,2026-05-03 17:29:24.840000+00:00,0,2026-07-22 09:47:09.703000+00:00,5,6,17
6a60919d62a1662d3b6803ea,6a5b33f154b73fc9cb5effdf,Earl Bradtke,(264) 453-7351 x188,GUEST,6a605fde07be72cd0147a6cc,2026-07-22 00:33:21.131000+00:00,0,2026-07-22 09:47:09.703000+00:00,7,2,0
6a60919d62a1662d3b6803eb,6a5b33f154b73fc9cb5effdf,Adrienne Monahan,1-814-364-2276 x56719,EMERGENCY,6a5faffaf9a6aaf7b13e2e20,2026-03-16 23:10:11.392000+00:00,0,2026-07-22 09:47:09.703000+00:00,3,0,23
6a60919d62a1662d3b6803ec,6a5b33f154b73fc9cb5effdf,Muriel MacGyver III,(209) 928-1790 x9278,EMERGENCY,6a5b5008120eac5c280cb195,2026-03-03 22:05:07.532000+00:00,0,2026-07-22 09:47:09.703000+00:00,3,1,22
6a60919d62a1662d3b6803ed,6a5b33f154b73fc9cb5effdf,Dayna Harvey,967.836.8701 x1109,MAINTENANCE,6a605fde07be72cd0147a6cc,2026-02-27 22:05:20.160000+00:00,0,2026-07-22 09:47:09.703000+00:00,2,4,22
6a60919d62a1662d3b6803ee,6a5b33f154b73fc9cb5effdf,Harvey Padberg,1-529-625-0567,DELIVERY,6a5faffaf9a6aaf7b13e2e1f,2026-06-15 16:58:28.199000+00:00,0,2026-07-22 09:47:09.703000+00:00,6,0,16
6a60919d62a1662d3b6803ef,6a5b33f154b73fc9cb5effdf,Jammie Crist,705.268.1983 x3195,CAB,6a5b5008120eac5c280cb195,2026-03-02 15:14:59.492000+00:00,0,2026-07-22 09:47:09.703000+00:00,3,0,15
6a60919d62a1662d3b6803f0,6a5b33f154b73fc9cb5effdf,Miss Janet Olson,(746) 934-1772 x34707,GUEST,6a5fb2a4f9a6aaf7b13e2f11,2026-04-19 16:48:31.377000+00:00,0,2026-07-22 09:47:09.703000+00:00,4,6,16
6a60919d62a1662d3b6803f1,6a5b33f154b73fc9cb5effdf,Alice Rice,1-590-206-4167 x451,MAINTENANCE,6a5faffaf9a6aaf7b13e2e1f,2026-02-27 07:25:09.538000+00:00,0,2026-07-22 09:47:09.703000+00:00,2,4,7
6a60919d62a1662d3b6803f2,6a5b33f154b73fc9cb5effdf,Patsy Dach,956-934-4392 x414,EMERGENCY,6a5b5008120eac5c280cb195,2026-04-17 17:35:41.506000+00:00,0,2026-07-22 09:47:09.703000+00:00,4,4,17
6a60919d62a1662d3b6803f3,6a5b33f154b73fc9cb5effdf,Justus Cole,(681) 893-1439 x99287,CAB,6a5faffaf9a6aaf7b13e2e1f,2026-07-06 10:19:40.641000+00:00,0,2026-07-22 09:47:09.703000+00:00,7,0,10
6a60919d62a1662d3b6803f4,6a5b33f154b73fc9cb5effdf,Sandy Schuppe,530.872.1113 x2946,GUEST,6a5faffaf9a6aaf7b13e2e20,2026-04-15 03:51:00.001000+00:00,0,2026-07-22 09:47:09.703000+00:00,4,2,3
6a60919d62a1662d3b6803f5,6a5b33f154b73fc9cb5effdf,Jeanne Swaniawski,975.817.0179 x9740,GUEST,6a5b5008120eac5c280cb195,2026-04-15 03:41:25.931000+00:00,0,2026-07-22 09:47:09.703000+00:00,4,2,3
6a60919d62a1662d3b6803f6,6a5b33f154b73fc9cb5effdf,Katie Paucek,1-489-585-5928 x348,MAINTENANCE,6a5faffaf9a6aaf7b13e2e1f,2026-06-11 06:03:17.820000+00:00,0,2026-07-22 09:47:09.703000+00:00,6,3,6
6a60919d62a1662d3b6803f7,6a5b33f154b73fc9cb5effdf,Dr. Gregg Auer,1-779-834-2909,DELIVERY,6a5faffaf9a6aaf7b13e2e20,2026-02-06 03:57:00.414000+00:00,0,2026-07-22 09:47:09.703000+00:00,2,4,3
6a60919d62a1662d3b6803f8,6a5b33f154b73fc9cb5effdf,Lesly Adams,1-497-254-5003 x1992,SERVICE_PROVIDER,6a5e40d56ed32b9a22aee986,2026-05-13 16:25:03.571000+00:00,0,2026-07-22 09:47:09.703000+00:00,5,2,16
6a60919d62a1662d3b6803f9,6a5b33f154b73fc9cb5effdf,Ethan Carroll,482.986.8366 x007,EMERGENCY,6a5faffaf9a6aaf7b13e2e1f,2026-06-18 16:49:04.483000+00:00,0,2026-07-22 09:47:09.703000+00:00,6,3,16
6a60919d62a1662d3b6803fa,6a5b33f154b73fc9cb5effdf,Iliana Mayert,(654) 735-0001 x23019,CAB,6a5faffaf9a6aaf7b13e2e1f,2026-07-16 22:41:56.443000+00:00,0,2026-07-22 09:47:09.703000+00:00,7,3,22
6a60919d62a1662d3b6803fb,6a5b33f154b73fc9cb5effdf,Dean Runolfsdottir,(601) 753-6661 x78953,CAB,6a5faffaf9a6aaf7b13e2e1f,2026-02-20 08:43:26.212000+00:00,0,2026-07-22 09:47:09.703000+00:00,2,4,8
6a60919d62a1662d3b6803fc,6a5b33f154b73fc9cb5effdf,Nikki Swaniawski,1-282-477-7811 x651,OTHER,6a605fde07be72cd0147a6cc,2026-06-08 11:37:15.938000+00:00,0,2026-07-22 09:47:09.703000+00:00,6,0,11
6a60919d62a1662d3b6803fd,6a5b33f154b73fc9cb5effdf,Solon Tromp,(683) 437-5151 x18239,SERVICE_PROVIDER,6a5faffaf9a6aaf7b13e2e1f,2026-07-09 23:17:24.978000+00:00,0,2026-07-22 09:47:09.705000+00:00,7,3,23
6a60919d62a1662d3b6803fe,6a5b33f154b73fc9cb5effdf,Eva Reichert,1-295-344-8950 x644,DELIVERY,6a5b5008120eac5c280cb195,2026-07-12 18:45:01.029000+00:00,0,2026-07-22 09:47:09.705000+00:00,7,6,18
6a60919d62a1662d3b6803ff,6a5b33f154b73fc9cb5effdf,Hubert Durgan,(524) 885-6577 x3000,GUEST,6a5faffaf9a6aaf7b13e2e20,2026-04-24 17:17:35.803000+00:00,0,2026-07-22 09:47:09.705000+00:00,4,4,17
6a60919d62a1662d3b680400,6a5b33f154b73fc9cb5effdf,Candido Heidenreich,580.333.7969 x6710,DELIVERY,6a605fde07be72cd0147a6cc,2026-05-27 11:24:40.779000+00:00,0,2026-07-22 09:47:09.705000+00:00,5,2,11
6a60919d62a1662d3b680401,6a5b33f154b73fc9cb5effdf,Madyson Collins DVM,815.244.7922 x388,SERVICE_PROVIDER,6a5b5008120eac5c280cb195,2026-02-10 06:27:15.881000+00:00,0,2026-07-22 09:47:09.705000+00:00,2,1,6
6a60919d62a1662d3b680402,6a5b33f154b73fc9cb5effdf,Ronald Cassin,1-830-783-1552,GUEST,6a5faffaf9a6aaf7b13e2e1f,2026-01-23 19:44:05.696000+00:00,0,2026-07-22 09:47:09.705000+00:00,1,4,19
6a60919d62a1662d3b680403,6a5b33f154b73fc9cb5effdf,Hal Mante,824-288-9682 x1875,GUEST,6a5faffaf9a6aaf7b13e2e20,2026-06-23 12:19:37.691000+00:00,0,2026-07-22 09:47:09.705000+00:00,6,1,12
6a60919d62a1662d3b680404,6a5b33f154b73fc9cb5effdf,Delores Schaden,641.968.0959 x227,DELIVERY,6a605fde07be72cd0147a6cc,2026-05-24 21:05:54.848000+00:00,0,2026-07-22 09:47:09.705000+00:00,5,6,21
6a60919d62a1662d3b680405,6a5b33f154b73fc9cb5effdf,Rita Treutel,1-317-936-5004 x01934,EMERGENCY,6a605fde07be72cd0147a6cc,2026-03-20 08:37:19.736000+00:00,0,2026-07-22 09:47:09.705000+00:00,3,4,8
6a60919d62a1662d3b680406,6a5b33f154b73fc9cb5effdf,Armand Haley,763.995.6721,CAB,6a5fb2a4f9a6aaf7b13e2f11,2026-02-09 03:01:15.522000+00:00,0,2026-07-22 09:47:09.705000+00:00,2,0,3
6a60919d62a1662d3b680407,6a5b33f154b73fc9cb5effdf,Christopher Kshlerin,293.864.9777 x612,DELIVERY,6a605fde07be72cd0147a6cc,2026-01-26 02:22:02.975000+00:00,0,2026-07-22 09:47:09.705000+00:00,1,0,2
6a60919d62a1662d3b680408,6a5b33f154b73fc9cb5effdf,Miss Bernadette Marks,1-421-817-8661 x97684,EMERGENCY,6a5b5008120eac5c280cb195,2026-04-02 02:51:16.988000+00:00,0,2026-07-22 09:47:09.705000+00:00,4,3,2
6a60919d62a1662d3b680409,6a5b33f154b73fc9cb5effdf,Wm Metz,802.557.2582,OTHER,6a5fb2a4f9a6aaf7b13e2f11,2026-05-18 16:59:44.046000+00:00,0,2026-07-22 09:47:09.705000+00:00,5,0,16
6a60919d62a1662d3b68040a,6a5b33f154b73fc9cb5effdf,Alejandro Schuster V,1-286-506-1029 x1423,GUEST,6a5fb2a4f9a6aaf7b13e2f11,2026-02-04 09:06:06.150000+00:00,0,2026-07-22 09:47:09.705000+00:00,2,2,9
6a60919d62a1662d3b68040b,6a5b33f154b73fc9cb5effdf,Marion Douglas PhD,(258) 796-7153 x44032,SERVICE_PROVIDER,6a605fde07be72cd0147a6cc,2026-05-18 09:20:54.451000+00:00,0,2026-07-22 09:47:09.705000+00:00,5,0,9
6a60919d62a1662d3b68040c,6a5b33f154b73fc9cb5effdf,Cathy West PhD,832.648.3461 x3346,GUEST,6a605fde07be72cd0147a6cc,2026-05-22 21:16:06.314000+00:00,0,2026-07-22 09:47:09.705000+00:00,5,4,21
6a60919d62a1662d3b68040d,6a5b33f154b73fc9cb5effdf,Christ Stanton,979.434.9909,CAB,6a5e40d56ed32b9a22aee986,2026-05-22 02:31:13.609000+00:00,0,2026-07-22 09:47:09.705000+00:00,5,4,2
6a60919d62a1662d3b68040e,6a5b33f154b73fc9cb5effdf,Eladio Considine,(856) 765-6199 x3701,OTHER,6a5fb2a4f9a6aaf7b13e2f11,2026-05-05 16:29:16.718000+00:00,0,2026-07-22 09:47:09.705000+00:00,5,1,16
6a60919d62a1662d3b68040f,6a5b33f154b73fc9cb5effdf,Susan Towne,416-528-8349 x7066,SERVICE_PROVIDER,6a605fde07be72cd0147a6cc,2026-04-27 16:52:02.028000+00:00,0,2026-07-22 09:47:09.705000+00:00,4,0,16
6a60919d62a1662d3b680410,6a5b33f154b73fc9cb5effdf,Derrick Tillman,1-921-821-1978 x7448,DELIVERY,6a605fde07be72cd0147a6cc,2026-07-19 17:14:42.030000+00:00,0,2026-07-22 09:47:09.705000+00:00,7,6,17
6a60919d62a1662d3b680411,6a5b33f154b73fc9cb5effdf,Tevin Hettinger,719-265-7261,DELIVERY,6a5faffaf9a6aaf7b13e2e1f,2026-06-22 14:02:55.453000+00:00,0,2026-07-22 09:47:09.705000+00:00,6,0,14
6a60919d62a1662d3b680412,6a5b33f154b73fc9cb5effdf,Della Runte,(696) 593-2975 x15296,DELIVERY,6a5e40d56ed32b9a22aee986,2026-05-26 06:27:05.812000+00:00,0,2026-07-22 09:47:09.705000+00:00,5,1,6
6a60919d62a1662d3b680413,6a5b33f154b73fc9cb5effdf,Dr. Leigh Watsica DVM,991.300.5032 x9532,EMERGENCY,6a605fde07be72cd0147a6cc,2026-05-29 08:02:43.057000+00:00,0,2026-07-22 09:47:09.705000+00:00,5,4,8
6a60919d62a1662d3b680414,6a5b33f154b73fc9cb5effdf,Dr. Edward Franey,902.547.0844,OTHER,6a5fb2a4f9a6aaf7b13e2f11,2026-04-19 22:33:27.499000+00:00,0,2026-07-22 09:47:09.705000+00:00,4,6,22
6a60919d62a1662d3b680415,6a5b33f154b73fc9cb5effdf,Dr. Deanna Zboncak,831.933.6175 x3023,SERVICE_PROVIDER,6a5faffaf9a6aaf7b13e2e20,2026-07-18 15:34:11.573000+00:00,0,2026-07-22 09:47:09.705000+00:00,7,5,15
6a60919d62a1662d3b680416,6a5b33f154b73fc9cb5effdf,Dr. Hubert Little,298.640.3490 x589,GUEST,6a605fde07be72cd0147a6cc,2026-02-26 22:30:50.941000+00:00,0,2026-07-22 09:47:09.705000+00:00,2,3,22
6a60919d62a1662d3b680417,6a5b33f154b73fc9cb5effdf,Kasandra Hoppe V,1-495-931-8744,DELIVERY,6a5faffaf9a6aaf7b13e2e20,2026-07-19 07:40:18.231000+00:00,0,2026-07-22 09:47:09.705000+00:00,7,6,7
6a60919d62a1662d3b680418,6a5b33f154b73fc9cb5effdf,Lillian Strosin Jr.,893-781-3983,GUEST,6a605fde07be72cd0147a6cc,2026-04-19 10:27:50.472000+00:00,0,2026-07-22 09:47:09.705000+00:00,4,6,10
6a60919d62a1662d3b680419,6a5b33f154b73fc9cb5effdf,Glennie Windler,324-720-0837 x78059,MAINTENANCE,6a5faffaf9a6aaf7b13e2e1f,2026-06-22 15:43:25.242000+00:00,0,2026-07-22 09:47:09.705000+00:00,6,0,15
6a60919d62a1662d3b68041a,6a5b33f154b73fc9cb5effdf,Vincenza Lynch,(319) 214-9931 x9451,EMERGENCY,6a5faffaf9a6aaf7b13e2e1f,2026-02-02 21:36:35.525000+00:00,0,2026-07-22 09:47:09.705000+00:00,2,0,21
6a60919d62a1662d3b68041b,6a5b33f154b73fc9cb5effdf,Miss Oswald Zieme III,1-934-973-8237 x33629,OTHER,6a5faffaf9a6aaf7b13e2e1f,2026-02-01 21:44:38.752000+00:00,0,2026-07-22 09:47:09.705000+00:00,2,6,21
6a60919d62a1662d3b68041c,6a5b33f154b73fc9cb5effdf,Belinda White,604.954.9052 x83920,MAINTENANCE,6a5fb2a4f9a6aaf7b13e2f11,2026-04-07 14:54:53.294000+00:00,0,2026-07-22 09:47:09.705000+00:00,4,1,14
6a60919d62a1662d3b68041d,6a5b33f154b73fc9cb5effdf,Haskell Murazik,(699) 989-7671,DELIVERY,6a5b5008120eac5c280cb195,2026-01-26 22:23:57.063000+00:00,0,2026-07-22 09:47:09.705000+00:00,1,0,22
6a60919d62a1662d3b68041e,6a5b33f154b73fc9cb5effdf,John Fritsch,1-627-429-1213 x26563,DELIVERY,6a5fb2a4f9a6aaf7b13e2f11,2026-03-03 16:48:35.746000+00:00,0,2026-07-22 09:47:09.705000+00:00,3,1,16
6a60919d62a1662d3b68041f,6a5b33f154b73fc9cb5effdf,Sammy Champlin,790-890-6332 x457,SERVICE_PROVIDER,6a5faffaf9a6aaf7b13e2e20,2026-06-10 01:50:50.563000+00:00,0,2026-07-22 09:47:09.705000+00:00,6,2,1
6a60919d62a1662d3b680420,6a5b33f154b73fc9cb5effdf,Beaulah Runolfsson,(907) 222-4147 x892,OTHER,6a5faffaf9a6aaf7b13e2e20,2026-05-31 12:13:21.204000+00:00,0,2026-07-22 09:47:09.705000+00:00,5,6,12
6a60919d62a1662d3b680421,6a5b33f154b73fc9cb5effdf,Betty Satterfield,837.803.3546 x4580,GUEST,6a605fde07be72cd0147a6cc,2026-06-22 02:20:27.187000+00:00,0,2026-07-22 09:47:09.705000+00:00,6,0,2
6a60919d62a1662d3b680422,6a5b33f154b73fc9cb5effdf,Mr. Gaston Bosco III,1-351-364-6605,SERVICE_PROVIDER,6a5e40d56ed32b9a22aee986,2026-04-25 11:27:01.477000+00:00,0,2026-07-22 09:47:09.705000+00:00,4,5,11
6a60919d62a1662d3b680423,6a5b33f154b73fc9cb5effdf,Mr. Terrill Schulist,715.737.8224 x771,OTHER,6a5faffaf9a6aaf7b13e2e1f,2026-05-01 18:45:53.122000+00:00,0,2026-07-22 09:47:09.705000+00:00,5,4,18
6a60919d62a1662d3b680424,6a5b33f154b73fc9cb5effdf,Bonnie Kling,1-309-495-8223 x04420,DELIVERY,6a5fb2a4f9a6aaf7b13e2f11,2026-03-12 23:31:58.903000+00:00,0,2026-07-22 09:47:09.705000+00:00,3,3,23
6a60919d62a1662d3b680425,6a5b33f154b73fc9cb5effdf,Jonathan Boehm-Howe,842-922-4972 x835,SERVICE_PROVIDER,6a5fb2a4f9a6aaf7b13e2f11,2026-03-05 11:54:52.677000+00:00,0,2026-07-22 09:47:09.705000+00:00,3,3,11
6a60919d62a1662d3b680426,6a5b33f154b73fc9cb5effdf,Lois Flatley,1-727-650-6561 x70467,MAINTENANCE,6a5faffaf9a6aaf7b13e2e1f,2026-04-02 06:47:01.981000+00:00,0,2026-07-22 09:47:09.705000+00:00,4,3,6
6a60919d62a1662d3b680427,6a5b33f154b73fc9cb5effdf,Alvin Murray,(920) 922-4659 x2461,DELIVERY,6a5fb2a4f9a6aaf7b13e2f11,2026-07-02 23:53:32.141000+00:00,0,2026-07-22 09:47:09.705000+00:00,7,3,23
6a60919d62a1662d3b680428,6a5b33f154b73fc9cb5effdf,Deshawn Denesik,394-470-8257 x241,GUEST,6a5faffaf9a6aaf7b13e2e1f,2026-05-13 10:41:25.150000+00:00,0,2026-07-22 09:47:09.705000+00:00,5,2,10
6a60919d62a1662d3b680429,6a5b33f154b73fc9cb5effdf,Nick Bartell,(224) 960-1067 x3316,SERVICE_PROVIDER,6a5faffaf9a6aaf7b13e2e1f,2026-05-12 19:54:57.052000+00:00,0,2026-07-22 09:47:09.705000+00:00,5,1,19
6a60919d62a1662d3b68042a,6a5b33f154b73fc9cb5effdf,Scottie Trantow,(505) 599-8917 x7618,CAB,6a5faffaf9a6aaf7b13e2e1f,2026-05-14 13:48:56.365000+00:00,0,2026-07-22 09:47:09.705000+00:00,5,3,13
6a60919d62a1662d3b68042b,6a5b33f154b73fc9cb5effdf,Cedric Bosco,(689) 527-1249,DELIVERY,6a5e40d56ed32b9a22aee986,2026-03-10 03:01:24.188000+00:00,0,2026-07-22 09:47:09.705000+00:00,3,1,3
6a60919d62a1662d3b68042c,6a5b33f154b73fc9cb5effdf,Ruth Huel-Stanton,267-993-0850 x7401,CAB,6a5faffaf9a6aaf7b13e2e20,2026-05-06 11:33:57.601000+00:00,0,2026-07-22 09:47:09.705000+00:00,5,2,11
6a60919d62a1662d3b68042d,6a5b33f154b73fc9cb5effdf,Gage Hickle Sr.,233-651-3570 x45815,DELIVERY,6a5faffaf9a6aaf7b13e2e1f,2026-04-08 19:21:14.193000+00:00,0,2026-07-22 09:47:09.705000+00:00,4,2,19
6a60919d62a1662d3b68042e,6a5b33f154b73fc9cb5effdf,Grady Considine,424.569.7727,OTHER,6a5e40d56ed32b9a22aee986,2026-06-03 07:27:37.626000+00:00,0,2026-07-22 09:47:09.705000+00:00,6,2,7
6a60919d62a1662d3b68042f,6a5b33f154b73fc9cb5effdf,Precious Sanford,935.991.8497,CAB,6a5e40d56ed32b9a22aee986,2026-03-05 11:30:02.584000+00:00,0,2026-07-22 09:47:09.705000+00:00,3,3,11
6a60919d62a1662d3b680430,6a5b33f154b73fc9cb5effdf,Susie Heaney,934.520.6713 x362,GUEST,6a5faffaf9a6aaf7b13e2e20,2026-05-12 22:29:08.076000+00:00,0,2026-07-22 09:47:09.705000+00:00,5,1,22
6a60919d62a1662d3b680431,6a5b33f154b73fc9cb5effdf,Karlie Heaney,1-982-742-2888 x8019,OTHER,6a605fde07be72cd0147a6cc,2026-05-30 01:32:27.357000+00:00,0,2026-07-22 09:47:09.705000+00:00,5,5,1
6a60919d62a1662d3b680432,6a5b33f154b73fc9cb5effdf,Daisy Langosh,565.319.5434 x8162,CAB,6a5b5008120eac5c280cb195,2026-07-04 15:46:16.127000+00:00,0,2026-07-22 09:47:09.705000+00:00,7,5,15
6a60919d62a1662d3b680433,6a5b33f154b73fc9cb5effdf,Assunta Gerhold,823.917.3561 x19763,DELIVERY,6a5fb2a4f9a6aaf7b13e2f11,2026-05-30 13:44:16.626000+00:00,0,2026-07-22 09:47:09.705000+00:00,5,5,13
6a60919d62a1662d3b680434,6a5b33f154b73fc9cb5effdf,Freda Gorczany PhD,621.799.7021 x0024,EMERGENCY,6a5fb2a4f9a6aaf7b13e2f11,2026-04-10 11:27:43.015000+00:00,0,2026-07-22 09:47:09.705000+00:00,4,4,11
6a60919d62a1662d3b680435,6a5b33f154b73fc9cb5effdf,Celia Yost,734-880-4526 x966,MAINTENANCE,6a5faffaf9a6aaf7b13e2e1f,2026-04-20 16:39:54.155000+00:00,0,2026-07-22 09:47:09.705000+00:00,4,0,16
6a60919d62a1662d3b680436,6a5b33f154b73fc9cb5effdf,Yvette Nienow,(546) 838-9379,EMERGENCY,6a5faffaf9a6aaf7b13e2e1f,2026-02-14 06:00:37.521000+00:00,0,2026-07-22 09:47:09.705000+00:00,2,5,6
6a60919d62a1662d3b680437,6a5b33f154b73fc9cb5effdf,Carolyn Stracke,955.528.1612 x6466,SERVICE_PROVIDER,6a5fb2a4f9a6aaf7b13e2f11,2026-04-09 01:12:17.662000+00:00,0,2026-07-22 09:47:09.705000+00:00,4,3,1
6a60919d62a1662d3b680438,6a5b33f154b73fc9cb5effdf,Mr. Wayne Beatty,721.487.0322 x360,EMERGENCY,6a605fde07be72cd0147a6cc,2026-02-10 14:37:25.580000+00:00,0,2026-07-22 09:47:09.705000+00:00,2,1,14
6a60919d62a1662d3b680439,6a5b33f154b73fc9cb5effdf,Orlando Hamill,868-564-0729 x7678,MAINTENANCE,6a5b5008120eac5c280cb195,2026-05-16 13:44:45.842000+00:00,0,2026-07-22 09:47:09.705000+00:00,5,5,13
6a60919d62a1662d3b68043a,6a5b33f154b73fc9cb5effdf,Harry Konopelski,302.211.5976 x65601,DELIVERY,6a5b5008120eac5c280cb195,2026-03-21 01:27:35.131000+00:00,0,2026-07-22 09:47:09.705000+00:00,3,5,1
6a60919d62a1662d3b68043b,6a5b33f154b73fc9cb5effdf,Leroy Hauck,216-786-3996 x5699,EMERGENCY,6a5fb2a4f9a6aaf7b13e2f11,2026-03-17 05:27:47.319000+00:00,0,2026-07-22 09:47:09.705000+00:00,3,1,5
6a60919d62a1662d3b68043c,6a5b33f154b73fc9cb5effdf,Myra Bosco,(879) 558-6544 x964,DELIVERY,6a5faffaf9a6aaf7b13e2e20,2026-01-25 17:15:45.475000+00:00,0,2026-07-22 09:47:09.705000+00:00,1,6,17
6a60919d62a1662d3b68043d,6a5b33f154b73fc9cb5effdf,Erling Raynor,332-856-3364 x691,MAINTENANCE,6a5faffaf9a6aaf7b13e2e20,2026-06-23 15:47:12.074000+00:00,0,2026-07-22 09:47:09.705000+00:00,6,1,15
6a60919d62a1662d3b68043e,6a5b33f154b73fc9cb5effdf,Mr. Marlon McKenzie,1-695-505-1903 x9064,OTHER,6a5b5008120eac5c280cb195,2026-06-26 22:22:48.583000+00:00,0,2026-07-22 09:47:09.705000+00:00,6,4,22
6a60919d62a1662d3b68043f,6a5b33f154b73fc9cb5effdf,Osbaldo Herzog-Gleason,964-960-9929 x315,DELIVERY,6a5fb2a4f9a6aaf7b13e2f11,2026-06-20 02:48:43.723000+00:00,0,2026-07-22 09:47:09.705000+00:00,6,5,2
6a60919d62a1662d3b680440,6a5b33f154b73fc9cb5effdf,Murl Mills,(520) 608-1508,MAINTENANCE,6a5faffaf9a6aaf7b13e2e20,2026-05-31 19:57:07.249000+00:00,0,2026-07-22 09:47:09.705000+00:00,5,6,19
6a60919d62a1662d3b680441,6a5b33f154b73fc9cb5effdf,Mr. Brandon Streich,357.636.2349 x500,DELIVERY,6a5e40d56ed32b9a22aee986,2026-04-05 21:10:21.410000+00:00,0,2026-07-22 09:47:09.705000+00:00,4,6,21
6a60919d62a1662d3b680442,6a5b33f154b73fc9cb5effdf,Anthony Stark,362.851.9012 x919,DELIVERY,6a5faffaf9a6aaf7b13e2e1f,2026-03-24 14:59:30.026000+00:00,0,2026-07-22 09:47:09.705000+00:00,3,1,14
6a60919d62a1662d3b680443,6a5b33f154b73fc9cb5effdf,Yessenia Ankunding III,1-864-840-0090 x852,GUEST,6a5faffaf9a6aaf7b13e2e1f,2026-07-01 05:58:38.752000+00:00,0,2026-07-22 09:47:09.705000+00:00,7,2,5
6a60919d62a1662d3b680444,6a5b33f154b73fc9cb5effdf,Dr. Carolina Durgan,(500) 962-6469 x18521,OTHER,6a5e40d56ed32b9a22aee986,2026-04-09 10:12:24.296000+00:00,0,2026-07-22 09:47:09.705000+00:00,4,3,10
6a60919d62a1662d3b680445,6a5b33f154b73fc9cb5effdf,Jeanie Cormier,370-215-3384 x6493,MAINTENANCE,6a605fde07be72cd0147a6cc,2026-07-15 15:18:08.553000+00:00,0,2026-07-22 09:47:09.705000+00:00,7,2,15
6a60919d62a1662d3b680446,6a5b33f154b73fc9cb5effdf,Jonathan Connelly,736.538.1651 x041,CAB,6a5faffaf9a6aaf7b13e2e20,2026-04-15 11:24:40.386000+00:00,0,2026-07-22 09:47:09.705000+00:00,4,2,11
6a60919d62a1662d3b680447,6a5b33f154b73fc9cb5effdf,Henry Mueller,223-816-6111 x8823,DELIVERY,6a5faffaf9a6aaf7b13e2e1f,2026-02-19 02:59:12.001000+00:00,0,2026-07-22 09:47:09.705000+00:00,2,3,2
6a60919d62a1662d3b680448,6a5b33f154b73fc9cb5effdf,Eudora Schaefer III,(860) 270-7050 x299,DELIVERY,6a5fb2a4f9a6aaf7b13e2f11,2026-04-10 03:21:15.898000+00:00,0,2026-07-22 09:47:09.705000+00:00,4,4,3
6a60919d62a1662d3b680449,6a5b33f154b73fc9cb5effdf,Ebba Witting,1-363-833-6794 x7111,CAB,6a5e40d56ed32b9a22aee986,2026-07-05 11:38:08.234000+00:00,0,2026-07-22 09:47:09.705000+00:00,7,6,11
6a60919d62a1662d3b68044a,6a5b33f154b73fc9cb5effdf,Olaf Turcotte,1-351-755-1059 x19599,SERVICE_PROVIDER,6a5faffaf9a6aaf7b13e2e20,2026-04-01 08:33:22.326000+00:00,0,2026-07-22 09:47:09.705000+00:00,4,2,8
6a60919d62a1662d3b68044b,6a5b33f154b73fc9cb5effdf,Greg Boyer-Olson,941-268-1763 x2535,OTHER,6a5fb2a4f9a6aaf7b13e2f11,2026-07-08 18:26:06.367000+00:00,0,2026-07-22 09:47:09.705000+00:00,7,2,18
6a60919d62a1662d3b68044c,6a5b33f154b73fc9cb5effdf,Billy Heller,1-504-224-6226 x8977,GUEST,6a5b5008120eac5c280cb195,2026-05-18 16:30:14.117000+00:00,0,2026-07-22 09:47:09.705000+00:00,5,0,16
6a60919d62a1662d3b68044d,6a5b33f154b73fc9cb5effdf,Mossie Koss,300.275.3481 x409,DELIVERY,6a5faffaf9a6aaf7b13e2e1f,2026-02-15 13:14:06.506000+00:00,0,2026-07-22 09:47:09.705000+00:00,2,6,13
6a60919d62a1662d3b68044e,6a5b33f154b73fc9cb5effdf,George Witting,699.987.1786 x116,EMERGENCY,6a5b5008120eac5c280cb195,2026-03-07 06:14:17.669000+00:00,0,2026-07-22 09:47:09.705000+00:00,3,5,6
6a60919d62a1662d3b68044f,6a5b33f154b73fc9cb5effdf,Glennie Kulas-Dooley DVM,(657) 377-3780 x440,EMERGENCY,6a5faffaf9a6aaf7b13e2e1f,2026-07-12 19:19:02.343000+00:00,0,2026-07-22 09:47:09.705000+00:00,7,6,19
6a60919d62a1662d3b680450,6a5b33f154b73fc9cb5effdf,Jared Hackett,(582) 718-3281 x631,MAINTENANCE,6a5e40d56ed32b9a22aee986,2026-05-23 18:12:00.617000+00:00,0,2026-07-22 09:47:09.705000+00:00,5,5,18
6a60919d62a1662d3b680451,6a5b33f154b73fc9cb5effdf,Kurt Jacobson,460.811.5087 x8126,DELIVERY,6a5fb2a4f9a6aaf7b13e2f11,2026-06-23 01:11:07.477000+00:00,0,2026-07-22 09:47:09.705000+00:00,6,1,1
6a60919d62a1662d3b680452,6a5b33f154b73fc9cb5effdf,Miss Carolyn Walker PhD,(879) 220-9710 x9450,DELIVERY,6a5faffaf9a6aaf7b13e2e20,2026-05-30 02:42:03.574000+00:00,0,2026-07-22 09:47:09.705000+00:00,5,5,2
6a60919d62a1662d3b680453,6a5b33f154b73fc9cb5effdf,Eva Herman,(942) 469-9543 x5059,GUEST,6a5e40d56ed32b9a22aee986,2026-02-17 19:32:17.732000+00:00,0,2026-07-22 09:47:09.705000+00:00,2,1,19
6a60919d62a1662d3b680454,6a5b33f154b73fc9cb5effdf,Antoinette Lindgren,1-531-354-7570 x076,CAB,6a5e40d56ed32b9a22aee986,2026-02-02 21:06:18.444000+00:00,0,2026-07-22 09:47:09.705000+00:00,2,0,21
6a60919d62a1662d3b680455,6a5b33f154b73fc9cb5effdf,Ms. Cleo Considine,1-308-976-6923 x413,EMERGENCY,6a5e40d56ed32b9a22aee986,2026-06-21 01:34:47.671000+00:00,0,2026-07-22 09:47:09.705000+00:00,6,6,1
6a60919d62a1662d3b680456,6a5b33f154b73fc9cb5effdf,Iris Kub DVM,1-637-363-4369 x004,SERVICE_PROVIDER,6a5faffaf9a6aaf7b13e2e20,2026-05-18 03:55:58.199000+00:00,0,2026-07-22 09:47:09.705000+00:00,5,0,3
6a60919d62a1662d3b680457,6a5b33f154b73fc9cb5effdf,Luke Durgan,1-552-642-5673 x93689,EMERGENCY,6a5fb2a4f9a6aaf7b13e2f11,2026-01-31 21:07:26.691000+00:00,0,2026-07-22 09:47:09.705000+00:00,1,5,21
6a60919d62a1662d3b680458,6a5b33f154b73fc9cb5effdf,Miss Silvia Aufderhar II,1-917-256-6281 x31800,EMERGENCY,6a5faffaf9a6aaf7b13e2e1f,2026-03-10 07:09:21.191000+00:00,0,2026-07-22 09:47:09.705000+00:00,3,1,7
6a60919d62a1662d3b680459,6a5b33f154b73fc9cb5effdf,Domenico Johns III,241-673-0604 x3612,SERVICE_PROVIDER,6a605fde07be72cd0147a6cc,2026-06-18 21:08:59.083000+00:00,0,2026-07-22 09:47:09.705000+00:00,6,3,21
6a60919d62a1662d3b68045a,6a5b33f154b73fc9cb5effdf,Dr. Jammie Franey,(696) 873-2206 x57942,OTHER,6a5faffaf9a6aaf7b13e2e20,2026-02-03 17:28:19.881000+00:00,0,2026-07-22 09:47:09.705000+00:00,2,1,17
6a60919d62a1662d3b68045b,6a5b33f154b73fc9cb5effdf,Graciela Lueilwitz,1-604-859-1067,CAB,6a5faffaf9a6aaf7b13e2e20,2026-03-02 11:25:27.060000+00:00,0,2026-07-22 09:47:09.705000+00:00,3,0,11
6a60919d62a1662d3b68045c,6a5b33f154b73fc9cb5effdf,Abbey Dibbert Sr.,(208) 366-7006 x73924,CAB,6a605fde07be72cd0147a6cc,2026-02-09 20:12:51.664000+00:00,0,2026-07-22 09:47:09.705000+00:00,2,0,20
6a60919d62a1662d3b68045d,6a5b33f154b73fc9cb5effdf,Mr. Kiara Mayer,(869) 620-7247 x78226,SERVICE_PROVIDER,6a5fb2a4f9a6aaf7b13e2f11,2026-06-25 07:23:40.018000+00:00,0,2026-07-22 09:47:09.705000+00:00,6,3,7
6a60919d62a1662d3b68045e,6a5b33f154b73fc9cb5effdf,Mr. Rosanna Johnson,(507) 215-9435 x78948,MAINTENANCE,6a605fde07be72cd0147a6cc,2026-02-05 16:52:07.274000+00:00,0,2026-07-22 09:47:09.705000+00:00,2,3,16
6a60919d62a1662d3b68045f,6a5b33f154b73fc9cb5effdf,Shelia Muller,930.997.6612 x871,MAINTENANCE,6a5faffaf9a6aaf7b13e2e20,2026-04-07 12:55:12.389000+00:00,0,2026-07-22 09:47:09.705000+00:00,4,1,12
6a60919d62a1662d3b680460,6a5b33f154b73fc9cb5effdf,Dr. Yolanda Dare,1-268-651-5784 x44251,SERVICE_PROVIDER,6a5faffaf9a6aaf7b13e2e20,2026-04-11 12:45:13.053000+00:00,0,2026-07-22 09:47:09.705000+00:00,4,5,12
6a60919d62a1662d3b680461,6a5b33f154b73fc9cb5effdf,Verla Kunze,(878) 355-0735 x2489,GUEST,6a5b5008120eac5c280cb195,2026-06-25 05:29:59.188000+00:00,0,2026-07-22 09:47:09.705000+00:00,6,3,5
6a60919d62a1662d3b680462,6a5b33f154b73fc9cb5effdf,Joel Morar,1-964-781-9201 x1168,SERVICE_PROVIDER,6a5b5008120eac5c280cb195,2026-05-09 02:35:04.336000+00:00,0,2026-07-22 09:47:09.705000+00:00,5,5,2
6a60919d62a1662d3b680463,6a5b33f154b73fc9cb5effdf,Bill Vandervort V,(623) 638-4718 x5558,DELIVERY,6a5faffaf9a6aaf7b13e2e20,2026-05-27 11:43:20.314000+00:00,0,2026-07-22 09:47:09.705000+00:00,5,2,11
6a60919d62a1662d3b680464,6a5b33f154b73fc9cb5effdf,Rochelle Rempel-Berge,1-972-398-8231,MAINTENANCE,6a605fde07be72cd0147a6cc,2026-04-25 03:02:33.518000+00:00,0,2026-07-22 09:47:09.705000+00:00,4,5,3
6a60919d62a1662d3b680465,6a5b33f154b73fc9cb5effdf,Dr. Rene Treutel DVM,683-968-0938,DELIVERY,6a605fde07be72cd0147a6cc,2026-05-14 09:22:05.027000+00:00,0,2026-07-22 09:47:09.705000+00:00,5,3,9
6a60919d62a1662d3b680466,6a5b33f154b73fc9cb5effdf,Ray Stoltenberg,991.953.0986 x093,OTHER,6a5fb2a4f9a6aaf7b13e2f11,2026-04-27 17:30:26.492000+00:00,0,2026-07-22 09:47:09.705000+00:00,4,0,17
6a60919d62a1662d3b680467,6a5b33f154b73fc9cb5effdf,Julio Deckow,262.977.5954,SERVICE_PROVIDER,6a5b5008120eac5c280cb195,2026-05-31 00:40:20.291000+00:00,0,2026-07-22 09:47:09.705000+00:00,5,6,0
6a60919d62a1662d3b680468,6a5b33f154b73fc9cb5effdf,Ira Bode,907-244-8431 x3186,DELIVERY,6a5faffaf9a6aaf7b13e2e1f,2026-07-11 13:10:03.220000+00:00,0,2026-07-22 09:47:09.705000+00:00,7,5,13
6a60919d62a1662d3b680469,6a5b33f154b73fc9cb5effdf,Tatum Jakubowski,(377) 471-5394 x04896,SERVICE_PROVIDER,6a5fb2a4f9a6aaf7b13e2f11,2026-02-20 07:37:17.161000+00:00,0,2026-07-22 09:47:09.705000+00:00,2,4,7
6a60919d62a1662d3b68046a,6a5b33f154b73fc9cb5effdf,Jamel Turner,759-869-6007 x2580,EMERGENCY,6a5b5008120eac5c280cb195,2026-02-04 20:00:18.313000+00:00,0,2026-07-22 09:47:09.705000+00:00,2,2,20
6a60919d62a1662d3b68046b,6a5b33f154b73fc9cb5effdf,Dr. Bryan Schuppe DDS,(956) 880-3211 x53477,MAINTENANCE,6a5b5008120eac5c280cb195,2026-03-15 13:12:49.179000+00:00,0,2026-07-22 09:47:09.705000+00:00,3,6,13
6a60919d62a1662d3b68046c,6a5b33f154b73fc9cb5effdf,Wilfrid Okuneva MD,355-600-3349 x87372,SERVICE_PROVIDER,6a5e40d56ed32b9a22aee986,2026-03-05 16:34:37.703000+00:00,0,2026-07-22 09:47:09.705000+00:00,3,3,16
6a60919d62a1662d3b68046d,6a5b33f154b73fc9cb5effdf,Buddy Parisian,1-685-690-5401 x4601,DELIVERY,6a5fb2a4f9a6aaf7b13e2f11,2026-07-12 20:47:33.977000+00:00,0,2026-07-22 09:47:09.705000+00:00,7,6,20
6a60919d62a1662d3b68046e,6a5b33f154b73fc9cb5effdf,Grady Reichert,(344) 511-0299 x797,SERVICE_PROVIDER,6a5faffaf9a6aaf7b13e2e20,2026-07-16 15:09:24.938000+00:00,0,2026-07-22 09:47:09.705000+00:00,7,3,15
6a60919d62a1662d3b68046f,6a5b33f154b73fc9cb5effdf,Mr. Rusty Fahey,418-794-3285 x1309,EMERGENCY,6a5faffaf9a6aaf7b13e2e20,2026-03-04 20:09:17.892000+00:00,0,2026-07-22 09:47:09.705000+00:00,3,2,20
6a60919d62a1662d3b680470,6a5b33f154b73fc9cb5effdf,Hope Stiedemann Jr.,1-816-516-2459 x07121,EMERGENCY,6a5b5008120eac5c280cb195,2026-01-31 07:28:36.691000+00:00,0,2026-07-22 09:47:09.706000+00:00,1,5,7
6a60919d62a1662d3b680471,6a5b33f154b73fc9cb5effdf,Shawn Jacobi Jr.,1-903-857-6012 x19850,OTHER,6a5e40d56ed32b9a22aee986,2026-02-09 04:13:11.579000+00:00,0,2026-07-22 09:47:09.706000+00:00,2,0,4
6a60919d62a1662d3b680472,6a5b33f154b73fc9cb5effdf,Nicolas McKenzie,1-546-332-3229 x5486,OTHER,6a605fde07be72cd0147a6cc,2026-05-05 10:52:07.426000+00:00,0,2026-07-22 09:47:09.706000+00:00,5,1,10
6a60919d62a1662d3b680473,6a5b33f154b73fc9cb5effdf,Harold Deckow,1-328-376-1130 x7645,DELIVERY,6a605fde07be72cd0147a6cc,2026-06-13 04:12:23.470000+00:00,0,2026-07-22 09:47:09.706000+00:00,6,5,4
6a60919d62a1662d3b680474,6a5b33f154b73fc9cb5effdf,Barbara Hermann,(510) 965-4273 x736,SERVICE_PROVIDER,6a605fde07be72cd0147a6cc,2026-07-15 01:33:30.887000+00:00,0,2026-07-22 09:47:09.706000+00:00,7,2,1
6a60919d62a1662d3b680475,6a5b33f154b73fc9cb5effdf,Lauriane Hamill,(903) 396-0308,MAINTENANCE,6a5fb2a4f9a6aaf7b13e2f11,2026-04-15 12:16:11.868000+00:00,0,2026-07-22 09:47:09.706000+00:00,4,2,12
6a60919d62a1662d3b680476,6a5b33f154b73fc9cb5effdf,Latoya Turner,590.843.0440 x254,OTHER,6a5e40d56ed32b9a22aee986,2026-03-31 08:57:54.928000+00:00,0,2026-07-22 09:47:09.706000+00:00,3,1,8
6a60919d62a1662d3b680477,6a5b33f154b73fc9cb5effdf,Shanon Harber,772-381-6614 x57883,CAB,6a5faffaf9a6aaf7b13e2e1f,2026-04-13 08:09:29.931000+00:00,0,2026-07-22 09:47:09.706000+00:00,4,0,8
6a60919d62a1662d3b680478,6a5b33f154b73fc9cb5effdf,Preston Hamill,413-207-5594,OTHER,6a5faffaf9a6aaf7b13e2e1f,2026-06-04 12:28:15.263000+00:00,0,2026-07-22 09:47:09.706000+00:00,6,3,12
6a60919d62a1662d3b680479,6a5b33f154b73fc9cb5effdf,Evans Hermann,1-908-633-8005 x97631,GUEST,6a5fb2a4f9a6aaf7b13e2f11,2026-03-19 12:58:34.354000+00:00,0,2026-07-22 09:47:09.706000+00:00,3,3,12
6a60919d62a1662d3b68047a,6a5b33f154b73fc9cb5effdf,Merle Koelpin,(695) 801-2334 x732,DELIVERY,6a5faffaf9a6aaf7b13e2e20,2026-03-24 05:40:54.939000+00:00,0,2026-07-22 09:47:09.706000+00:00,3,1,5
6a60919d62a1662d3b68047b,6a5b33f154b73fc9cb5effdf,Carrie Connelly-Veum Jr.,734-955-4127 x1590,CAB,6a5fb2a4f9a6aaf7b13e2f11,2026-04-12 18:10:09.164000+00:00,0,2026-07-22 09:47:09.706000+00:00,4,6,18
6a60919d62a1662d3b68047c,6a5b33f154b73fc9cb5effdf,Roderick Grimes,516-885-1374 x29323,MAINTENANCE,6a5fb2a4f9a6aaf7b13e2f11,2026-04-06 11:23:52.911000+00:00,0,2026-07-22 09:47:09.706000+00:00,4,0,11
6a60919d62a1662d3b68047d,6a5b33f154b73fc9cb5effdf,Chloe Gutmann,393.464.1921 x901,EMERGENCY,6a5faffaf9a6aaf7b13e2e20,2026-07-07 05:21:53.690000+00:00,0,2026-07-22 09:47:09.706000+00:00,7,1,5
6a60919d62a1662d3b68047e,6a5b33f154b73fc9cb5effdf,Heaven Littel,780.226.9672 x07760,DELIVERY,6a5b5008120eac5c280cb195,2026-04-06 13:06:37.828000+00:00,0,2026-07-22 09:47:09.706000+00:00,4,0,13
6a60919d62a1662d3b68047f,6a5b33f154b73fc9cb5effdf,Wilson Schowalter,1-573-248-8568 x495,OTHER,6a605fde07be72cd0147a6cc,2026-03-28 13:39:17.505000+00:00,0,2026-07-22 09:47:09.706000+00:00,3,5,13
6a60919d62a1662d3b680480,6a5b33f154b73fc9cb5effdf,Deshaun Hegmann,915.530.9902 x47321,EMERGENCY,6a605fde07be72cd0147a6cc,2026-07-10 12:43:35.914000+00:00,0,2026-07-22 09:47:09.706000+00:00,7,4,12
6a60919d62a1662d3b680481,6a5b33f154b73fc9cb5effdf,Bart Crona,(943) 789-6648,EMERGENCY,6a5faffaf9a6aaf7b13e2e20,2026-06-16 02:33:21.778000+00:00,0,2026-07-22 09:47:09.706000+00:00,6,1,2
6a60919d62a1662d3b680482,6a5b33f154b73fc9cb5effdf,Cyrus Tremblay Jr.,311.255.8114,DELIVERY,6a5b5008120eac5c280cb195,2026-04-04 23:08:33.885000+00:00,0,2026-07-22 09:47:09.706000+00:00,4,5,23
6a60919d62a1662d3b680483,6a5b33f154b73fc9cb5effdf,Garry Marvin,278.472.3126 x943,SERVICE_PROVIDER,6a5faffaf9a6aaf7b13e2e20,2026-02-02 03:47:38.278000+00:00,0,2026-07-22 09:47:09.706000+00:00,2,0,3
6a60919d62a1662d3b680484,6a5b33f154b73fc9cb5effdf,Shawna Stiedemann,850.707.2253,DELIVERY,6a5faffaf9a6aaf7b13e2e1f,2026-02-12 22:09:53.417000+00:00,0,2026-07-22 09:47:09.706000+00:00,2,3,22
6a60919d62a1662d3b680485,6a5b33f154b73fc9cb5effdf,Julianne Kuhn DDS,587-910-3995 x50055,GUEST,6a605fde07be72cd0147a6cc,2026-05-31 23:31:27.764000+00:00,0,2026-07-22 09:47:09.706000+00:00,5,6,23
6a60919d62a1662d3b680486,6a5b33f154b73fc9cb5effdf,Freeman Gerlach III,444.775.2498 x44437,OTHER,6a5b5008120eac5c280cb195,2026-03-14 17:12:19.884000+00:00,0,2026-07-22 09:47:09.706000+00:00,3,5,17
6a60919d62a1662d3b680487,6a5b33f154b73fc9cb5effdf,Rosetta Smitham,(689) 259-1972 x0749,EMERGENCY,6a5b5008120eac5c280cb195,2026-05-13 20:27:00.840000+00:00,0,2026-07-22 09:47:09.706000+00:00,5,2,20
6a60919d62a1662d3b680488,6a5b33f154b73fc9cb5effdf,Miss Novella Glover V,415-928-8581 x6939,DELIVERY,6a5fb2a4f9a6aaf7b13e2f11,2026-03-23 03:01:40.968000+00:00,0,2026-07-22 09:47:09.706000+00:00,3,0,3
6a60919d62a1662d3b680489,6a5b33f154b73fc9cb5effdf,Karen Waelchi,249-707-8221 x348,EMERGENCY,6a5e40d56ed32b9a22aee986,2026-05-07 06:33:50.196000+00:00,0,2026-07-22 09:47:09.706000+00:00,5,3,6
6a60919d62a1662d3b68048a,6a5b33f154b73fc9cb5effdf,Derek Batz-Batz,1-580-410-3875,EMERGENCY,6a5b5008120eac5c280cb195,2026-06-05 02:13:04.751000+00:00,0,2026-07-22 09:47:09.706000+00:00,6,4,2
6a60919d62a1662d3b68048b,6a5b33f154b73fc9cb5effdf,Theresa Heidenreich,1-953-262-3111 x55736,EMERGENCY,6a5e40d56ed32b9a22aee986,2026-06-23 13:11:55.824000+00:00,0,2026-07-22 09:47:09.706000+00:00,6,1,13
6a60919d62a1662d3b68048c,6a5b33f154b73fc9cb5effdf,Herbert Gutmann,804-425-0642 x3687,OTHER,6a5fb2a4f9a6aaf7b13e2f11,2026-07-19 11:50:19.427000+00:00,0,2026-07-22 09:47:09.706000+00:00,7,6,11
6a60919d62a1662d3b68048d,6a5b33f154b73fc9cb5effdf,Sherman Stehr,592.766.0712 x4794,GUEST,6a5b5008120eac5c280cb195,2026-05-26 19:06:34.053000+00:00,0,2026-07-22 09:47:09.706000+00:00,5,1,19
6a60919d62a1662d3b68048e,6a5b33f154b73fc9cb5effdf,Easton Roob,1-649-577-6986 x528,DELIVERY,6a5b5008120eac5c280cb195,2026-02-03 08:02:04.510000+00:00,0,2026-07-22 09:47:09.706000+00:00,2,1,8
6a60919d62a1662d3b68048f,6a5b33f154b73fc9cb5effdf,Dylan Legros,(406) 960-6576,GUEST,6a5e40d56ed32b9a22aee986,2026-06-09 06:37:03.953000+00:00,0,2026-07-22 09:47:09.706000+00:00,6,1,6
6a60919d62a1662d3b680490,6a5b33f154b73fc9cb5effdf,Mr. Christopher Schmitt,781-414-2426 x556,DELIVERY,6a605fde07be72cd0147a6cc,2026-01-27 05:38:04.111000+00:00,0,2026-07-22 09:47:09.706000+00:00,1,1,5
6a60919d62a1662d3b680491,6a5b33f154b73fc9cb5effdf,Rachel Gislason,1-935-414-0985,SERVICE_PROVIDER,6a5fb2a4f9a6aaf7b13e2f11,2026-02-07 22:07:34.403000+00:00,0,2026-07-22 09:47:09.706000+00:00,2,5,22
6a60919d62a1662d3b680492,6a5b33f154b73fc9cb5effdf,Lynda Gleason,775.416.8850 x9298,OTHER,6a5b5008120eac5c280cb195,2026-04-15 00:50:11.474000+00:00,0,2026-07-22 09:47:09.706000+00:00,4,2,0
6a60919d62a1662d3b680493,6a5b33f154b73fc9cb5effdf,Kory Walker,293-594-2137 x222,SERVICE_PROVIDER,6a5fb2a4f9a6aaf7b13e2f11,2026-03-07 08:45:34.870000+00:00,0,2026-07-22 09:47:09.706000+00:00,3,5,8
6a60919d62a1662d3b680494,6a5b33f154b73fc9cb5effdf,Tressie Rolfson,1-868-639-6723 x4201,CAB,6a5faffaf9a6aaf7b13e2e1f,2026-06-14 07:31:56.132000+00:00,0,2026-07-22 09:47:09.706000+00:00,6,6,7
6a60919d62a1662d3b680495,6a5b33f154b73fc9cb5effdf,Shari Schuster,(605) 208-3591,MAINTENANCE,6a605fde07be72cd0147a6cc,2026-02-06 12:37:27.744000+00:00,0,2026-07-22 09:47:09.706000+00:00,2,4,12
6a60919d62a1662d3b680496,6a5b33f154b73fc9cb5effdf,Darrel Wolff,539-480-1504,GUEST,6a605fde07be72cd0147a6cc,2026-06-10 11:02:14.748000+00:00,0,2026-07-22 09:47:09.706000+00:00,6,2,11
6a60919d62a1662d3b680497,6a5b33f154b73fc9cb5effdf,Tanya Bins,1-585-342-3014 x8892,OTHER,6a605fde07be72cd0147a6cc,2026-03-09 12:29:12.158000+00:00,0,2026-07-22 09:47:09.706000+00:00,3,0,12
6a60919d62a1662d3b680498,6a5b33f154b73fc9cb5effdf,Krista Shanahan,(875) 595-7259 x8894,SERVICE_PROVIDER,6a5fb2a4f9a6aaf7b13e2f11,2026-01-29 14:32:15.913000+00:00,0,2026-07-22 09:47:09.706000+00:00,1,3,14
